feature,importance
pnl_ma7,0.5056460866314345
pnl_volatility,0.2326420648587006
daily_volume,0.0947462466342161
sentiment_ma7,0.03934378804290968
avg_trade_size,0.036348573762800714
sentiment_lag1,0.034944657483612425
avg_sentiment,0.0284212763538013
sentiment_lag2,0.027907306232524555
