metric,value
VaR_95,-836.051084
VaR_99,-21622.718895799997
max_drawdown,-inf
